id_level,player,minutes,seconds,millisec,video,comment,date_added
264,Xakaze,1,49,530,,,2022-03-17 20:48:45
265,Xakaze,2,40,700,,,2022-03-18 22:06:56
266,Xakaze,3,34,800,,,2022-03-18 22:11:01
267,Xakaze,7,25,370,,,2022-03-18 22:12:42
13,Xakaze,0,58,970,https://youtu.be/_osKEZN-Wms,,2022-03-18 22:18:20
268,Xakaze,14,20,730,,,2022-03-18 22:19:58
269,Xakaze,1,5,430,,,2022-03-18 22:20:25
270,Xakaze,1,28,630,,,2022-03-18 22:21:37
271,Xakaze,1,25,530,,,2022-03-18 22:22:13
272,Xakaze,1,28,200,,,2022-03-18 22:23:57
969,Xakaze,1,41,530,https://youtu.be/BZoGyfkbchM,,2022-03-18 22:27:30
1717,Xakaze,0,25,670,https://youtu.be/ZOtPvrmkXFY,,2022-03-18 22:28:56
2558,Xakaze,0,57,770,https://youtu.be/dM_5zKnFQkc,,2022-03-18 22:30:41
109,Xakaze,1,23,430,https://youtu.be/o1IzbPYhl9M,,2022-03-18 22:33:46
113,Xakaze,2,19,900,https://youtu.be/8bMWGk4p5Gc,,2022-03-18 22:35:15
289,Xakaze,8,18,430,https://youtu.be/LH6bgUdKA2Q,,2022-03-18 22:36:51
275,Xakaze,6,5,330,,,2022-03-18 22:39:07
276,Xakaze,6,4,430,,,2022-03-18 22:42:59
277,Xakaze,6,13,270,,,2022-03-18 22:43:24
278,Xakaze,4,31,630,,,2022-03-18 22:44:02
279,Xakaze,4,15,170,,,2022-03-18 22:44:25
280,Xakaze,8,0,70,,,2022-03-18 22:44:51
281,Xakaze,6,32,30,,,2022-03-18 22:46:22
282,Xakaze,7,28,370,,,2022-03-19 16:01:40
283,Xakaze,4,5,270,,,2022-03-19 16:02:35
89,Xakaze,1,51,870,https://youtu.be/V9zI8WA77-k,,2022-03-19 16:04:19
285,Xakaze,1,11,770,,,2022-03-19 16:05:15
286,Xakaze,0,27,270,,,2022-03-19 16:05:39
287,Xakaze,0,17,970,,,2022-03-19 16:06:34
288,Xakaze,4,15,270,,,2022-03-19 16:07:02
289,Xakaze,9,9,770,,,2022-03-19 16:07:20
290,Xakaze,2,35,0,,,2022-03-19 16:07:37
291,Xakaze,8,4,100,,,2022-03-19 16:08:26
293,Xakaze,6,21,470,,,2022-03-19 16:09:11
294,Xakaze,6,57,130,,,2022-03-19 16:09:29
295,Xakaze,1,5,530,,,2022-03-19 16:09:50
296,Xakaze,10,10,170,,,2022-03-19 16:10:10
297,Xakaze,2,36,270,,,2022-03-19 16:10:29
298,Xakaze,11,59,530,,,2022-03-19 16:10:47
300,Xakaze,19,50,200,,,2022-03-19 16:11:12
301,Xakaze,6,24,0,,,2022-03-19 16:12:34
304,Xakaze,13,24,230,,,2022-03-19 16:13:12
305,Xakaze,0,26,270,,,2022-03-19 16:13:30
306,Xakaze,2,56,870,,,2022-03-19 16:13:48
307,Xakaze,3,31,930,,,2022-03-19 16:14:05
308,Xakaze,2,25,330,,,2022-03-19 16:14:22
309,Xakaze,3,24,300,,,2022-03-19 16:14:35
310,Xakaze,1,18,670,,,2022-03-19 16:15:01
311,Xakaze,3,33,70,,,2022-03-19 16:15:18
317,Xakaze,2,49,670,,,2022-03-19 16:15:35
319,Xakaze,3,55,270,,,2022-03-19 16:15:49
322,Xakaze,2,39,770,,,2022-03-19 16:16:17
324,Xakaze,2,44,170,,,2022-03-19 16:16:33
327,Xakaze,0,49,630,,,2022-03-19 16:16:48
330,Xakaze,3,58,0,,,2022-03-19 16:17:04
348,Xakaze,0,28,300,,,2022-03-19 16:17:18
384,Xakaze,9,31,100,,,2022-03-19 16:18:02
392,Xakaze,0,23,700,,,2022-03-19 16:18:24
394,Xakaze,2,52,130,,,2022-03-19 16:18:43
415,Xakaze,2,39,400,,,2022-03-19 16:19:09
418,Xakaze,1,58,970,,,2022-03-19 16:19:27
419,Xakaze,5,59,70,,,2022-03-19 16:19:43
424,Xakaze,1,23,230,,,2022-03-19 16:20:06
434,Xakaze,0,53,730,,,2022-03-19 16:20:53
3018,Xakaze,0,50,330,,,2022-03-19 16:22:23
3019,Xakaze,1,59,230,,,2022-03-19 16:22:49
3024,Xakaze,3,28,30,,,2022-03-19 16:23:22
3027,Xakaze,0,13,230,,,2022-03-19 16:23:45
1048,Xakaze,0,35,270,,,2022-03-19 16:24:29
1079,Xakaze,2,57,530,,,2022-03-19 16:24:50
1294,Xakaze,1,27,970,https://youtu.be/aBvPVYO-2uM,,2022-03-20 13:40:24
1414,Xakaze,1,14,770,,,2022-03-22 00:56:47
1425,Xakaze,0,45,630,,,2022-03-22 01:06:28
1420,Xakaze,0,58,170,,,2022-03-22 01:15:12
1429,Xakaze,0,45,430,,,2022-03-22 01:16:39
1419,Xakaze,0,41,230,,,2022-03-22 01:19:51
1426,Xakaze,0,26,530,,,2022-03-22 01:28:58
1430,Xakaze,0,31,170,,,2022-03-22 01:32:11
1423,Xakaze,0,36,270,,,2022-03-22 01:35:34
1418,Xakaze,0,45,370,,,2022-03-22 01:39:54
1413,Xakaze,0,34,470,https://youtu.be/jI2zu_iN_Rg,,2022-03-22 02:56:44
1412,Xakaze,0,33,130,https://youtu.be/jI2zu_iN_Rg,,2022-03-22 02:57:27
1415,Xakaze,0,49,330,https://youtu.be/jI2zu_iN_Rg,,2022-03-22 02:58:07
1428,Xakaze,0,32,530,https://youtu.be/GlKHCH35dTs,,2022-03-23 06:09:20
1427,Xakaze,0,27,630,https://youtu.be/GlKHCH35dTs,,2022-03-23 06:10:11
1422,Xakaze,0,53,770,https://youtu.be/GlKHCH35dTs,,2022-03-23 06:11:02
1424,Xakaze,0,35,930,https://youtu.be/GlKHCH35dTs,,2022-03-23 06:12:00
368,Xakaze,4,13,500,https://youtu.be/Vjw22QzFlaM,,2022-03-28 17:55:11
115,Xakaze,4,25,30,,,2022-03-28 21:57:45
572,clem,0,5,670,https://www.youtube.com/watch?v=5BKZ_IK5oyc,,2022-03-28 22:39:58
1665,clem,0,15,400, https://www.youtube.com/watch?v=5BKZ_IK5oyc,,2022-03-28 22:41:42
80,Xakaze,6,46,300,,,2022-03-30 00:36:07
103,Xakaze,0,31,330,,,2022-03-30 00:55:38
3156,Xakaze,23,10,230,,,2022-03-30 09:03:46
3156,Xakaze,21,40,770,,,2022-03-30 15:49:10
3156,Xakaze,3,53,470,,,2022-03-30 15:56:18
3155,Xakaze,4,20,200,,,2022-03-30 16:04:21
3157,Xakaze,90,19,0,,,2022-03-30 20:03:34
2320,Xakaze,1,0,100,https://youtu.be/fHBS9Albqrc,,2022-03-31 18:50:28
2319,Xakaze,0,55,900,https://youtu.be/fHBS9Albqrc,,2022-03-31 18:50:54
2018,Xakaze,0,26,830,https://youtu.be/4ocb4tqAfGY,,2022-04-01 00:19:44
103,Xakaze,0,28,670,https://youtu.be/JOilIJ0Ivvs,,2022-04-01 04:05:33
80,Xakaze,4,4,600,,,2022-04-01 15:07:38
80,Xakaze,3,20,230,,,2022-04-01 15:11:44
393,Xakaze,0,6,770,,,2022-04-01 15:38:32
2235,Xakaze,0,19,730,https://youtu.be/CFA5DkX1qxk,,2022-04-02 02:45:30
2232,Xakaze,0,34,300,https://youtu.be/CFA5DkX1qxk,,2022-04-02 02:45:54
2230,Xakaze,0,29,830,https://youtu.be/CFA5DkX1qxk,,2022-04-02 02:46:15
2227,Xakaze,0,28,300,https://youtu.be/CFA5DkX1qxk,,2022-04-02 02:46:33
2226,Xakaze,0,19,930,https://youtu.be/CFA5DkX1qxk,,2022-04-02 02:46:55
2225,Xakaze,0,17,930,https://youtu.be/CFA5DkX1qxk,,2022-04-02 02:47:12
2224,Xakaze,0,33,770,https://youtu.be/CFA5DkX1qxk,,2022-04-02 02:47:35
2305,Xakaze,0,23,800,https://youtu.be/deD0ea77UTA,,2022-04-02 17:17:11
3110,Xakaze,0,14,570,https://youtu.be/s3mXZ1Tfc3Y,,2022-04-02 21:27:33
1658,Xakaze,0,17,600,https://youtu.be/s3mXZ1Tfc3Y,,2022-04-02 21:27:51
114,Xakaze,0,49,430,https://youtu.be/EcQiPwHlcbU,,2022-04-04 18:35:22
2298,Xakaze,0,43,200,https://youtu.be/ENP0ep7ktxo,,2022-04-04 18:36:29
303,Xakaze,3,31,170,https://youtu.be/AfKZ5MJMZrQ,,2022-04-05 12:17:56
1662,Xakaze,0,14,900,https://youtu.be/J7aHTGwC7UQ,,2022-04-05 18:34:01
1657,Xakaze,0,21,770,https://youtu.be/xXzB9selMA0,,2022-04-05 22:27:02
367,Xakaze,3,8,130,https://youtu.be/BmPcIzkvtBw,,2022-04-06 21:26:10
432,Xakaze,1,17,970,,,2022-04-06 22:47:47
188,Xakaze,28,34,170,,,2022-04-07 13:54:51
3216,Xakaze,0,39,670,https://youtu.be/gL15Vun7Zus,,2022-04-23 20:40:23
3227,Xakaze,0,24,670,https://youtu.be/_lftX7FAHnE,,2022-04-29 21:18:18
3234,Xakaze,2,27,70,,,2022-05-10 12:14:53
1948,AngelOfOreos,27,22,670,,,2022-05-10 21:00:41
3240,Xakaze,0,36,230,https://youtu.be/2i7vRQ777eE,,2022-05-12 02:14:15
1420,iamllama,0,7,600,,,2022-05-13 00:34:05
3240,iamllama,8,51,170,,,2022-05-13 03:51:19
337,Xakaze,1,24,370,,,2022-05-13 12:50:45
3241,Xakaze,2,6,530,,,2022-05-13 13:10:58
383,Xakaze,7,32,930,,,2022-05-13 14:54:30
3241,iamllama,5,48,600,,,2022-05-13 17:59:32
3242,Xakaze,2,31,700,,,2022-05-13 18:40:56
383,Xakaze,4,11,670,,,2022-05-13 18:46:12
3051,iamllama,0,6,200,,,2022-05-14 13:31:08
280,Xakaze,6,49,200,,,2022-05-14 15:07:16
3243,clem,3,56,500,,,2022-05-14 16:15:41
3244,clem,86,37,770,,,2022-05-14 17:58:15
3244,Xakaze,4,4,430,,,2022-05-14 21:02:49
3244,Xakaze,3,31,570,,,2022-05-14 21:06:59
20,iamllama,155,30,630,,,2022-05-15 02:25:27
3249,iamllama,0,38,830,https://youtu.be/Y9K-s-CmSVM,,2022-05-16 02:48:47
3249,Xakaze,0,16,130,https://youtu.be/G5Oc6LY6vII,,2022-05-16 03:20:41
20,Xakaze,1,24,870,https://youtu.be/mf4cOvvrFMA,,2022-05-16 04:14:58
21,Xakaze,1,28,30,https://youtu.be/XM9AVRzf6Fs,,2022-05-16 05:11:30
23,Xakaze,2,20,70,,,2022-05-16 13:00:40
23,Xakaze,1,31,30,https://youtu.be/DgVdCz083AY,,2022-05-16 13:30:07
3252,iamllama,0,1,600,https://youtu.be/x9HtdSLKqhc,,2022-05-16 17:05:02
3252,iamllama,0,1,100,,,2022-05-16 17:20:26
3244,Xakaze,1,59,900,https://youtu.be/vAFri29DumQ,,2022-05-16 21:38:22
3256,Xakaze,0,22,970,https://youtu.be/JtL93Ib8LnA,,2022-05-18 06:13:06
3258,iamllama,0,1,700,,,2022-05-18 15:29:10
3258,AngelOfOreos,0,1,370,,,2022-05-18 17:25:19
352,Xakaze,0,21,100,https://youtu.be/PsZ8nyoAkfU,,2022-05-18 22:37:53
256,Xakaze,0,41,730,https://youtu.be/wiHcjs8SWo0,,2022-05-18 23:54:24
3259,AngelOfOreos,20,18,40,,,2022-05-19 01:17:33
3259,AngelOfOreos,6,48,0,,,2022-05-19 01:25:05
222,Xakaze,13,25,530,,,2022-05-19 16:19:21
86,Xakaze,1,47,730,,,2022-05-19 16:24:35
3191,Xakaze,1,54,100,,,2022-05-19 16:31:45
304,Xakaze,13,14,770,,,2022-05-19 19:29:27
561,Xakaze,1,53,100,,,2022-05-19 19:56:02
2315,Xakaze,0,40,130,,,2022-05-19 20:16:17
1508,Xakaze,0,18,200,https://youtu.be/82B70vfeUWI,,2022-05-20 18:22:24
3240,clem,6,11,730,,,2022-05-20 19:18:09
3155,clem,43,33,83,,,2022-05-20 20:33:38
3155,Xakaze,3,57,870,,,2022-05-21 13:27:14
3155,Xakaze,2,41,930,https://youtu.be/HGLvgQLyksg,,2022-05-21 14:15:49
2315,Xakaze,0,30,370,https://youtu.be/YOhtJXBzeWo,,2022-05-21 15:29:51
482,Xakaze,0,58,330,https://youtu.be/43i1h7VLoF8,,2022-05-21 19:05:04
1928,clem,9,39,470,,,2022-05-21 23:01:13
1739,clem,0,29,100,,,2022-05-21 23:06:54
3261,Xakaze,0,54,800,,,2022-05-22 15:48:12
3261,AngelOfOreos,1,48,40,,,2022-05-23 03:03:29
482,AngelOfOreos,1,4,83,,,2022-05-23 03:22:50
2922,Froshi,0,20,70,,,2022-05-23 12:57:33
3230,Froshi,1,47,230,,,2022-05-23 12:59:13
3230,Xakaze,5,10,600,,,2022-05-23 13:16:14
2922,Xakaze,0,19,800,https://youtu.be/VyTQpmEMa6A,,2022-05-23 14:36:02
1762,Xakaze,0,28,530,https://youtu.be/V33wWsJXKQM,,2022-05-23 23:39:02
3262,AngelOfOreos,2,58,70,,,2022-05-24 03:31:13
3262,clem,3,58,370,,,2022-05-24 19:09:06
167,clem,21,2,170,,,2022-05-24 19:45:49
3262,Xakaze,0,55,770,https://youtu.be/SSmjrZ10VdU,,2022-05-25 04:06:44
3265,clem,1,9,870,https://www.youtube.com/watch?v=gzEXpVeTaZg,,2022-05-26 13:56:42
3265,Froshi,0,18,900,,,2022-05-26 15:51:51
167,Froshi,4,21,670,https://www.youtube.com/watch?v=WU5S3SXoGjI,,2022-05-26 17:14:36
2922,Froshi,0,19,200,https://www.youtube.com/watch?v=SSAVUHxzYSQ,,2022-05-26 17:45:41
167,Xakaze,4,54,370,,,2022-05-26 18:28:03
167,Xakaze,3,32,930,,,2022-05-26 18:32:13
1928,Xakaze,1,41,100,,,2022-05-26 22:13:10
487,Xakaze,0,49,970,https://youtu.be/OrTKQOwHX-k,,2022-05-26 22:44:21
478,Xakaze,0,37,930,https://youtu.be/-GSno5iyoy4,,2022-05-27 22:18:40
486,Xakaze,0,51,830,https://youtu.be/cbebb383Zoc,,2022-05-27 23:25:28
167,Froshi,1,46,930,,,2022-05-28 01:14:32
3158,Xakaze,0,9,730,https://youtu.be/whf0266DYo4,,2022-05-29 00:21:39
3159,Xakaze,0,2,0,https://youtu.be/whf0266DYo4,,2022-05-29 00:22:09
3160,Xakaze,0,2,300,https://youtu.be/whf0266DYo4,,2022-05-29 00:22:30
3161,Xakaze,0,4,570,https://youtu.be/whf0266DYo4,,2022-05-29 00:22:50
3162,Xakaze,0,50,400,https://youtu.be/whf0266DYo4,,2022-05-29 00:23:10
3163,Xakaze,0,5,130,https://youtu.be/whf0266DYo4,,2022-05-29 00:23:35
3164,Xakaze,0,4,930,https://youtu.be/whf0266DYo4,,2022-05-29 00:23:56
3165,Xakaze,0,3,130,https://youtu.be/whf0266DYo4,,2022-05-29 00:24:14
3166,Xakaze,0,1,970,https://youtu.be/whf0266DYo4,,2022-05-29 00:24:31
3167,Xakaze,0,18,530,https://youtu.be/whf0266DYo4,,2022-05-29 00:24:52
3168,Xakaze,0,7,530,https://youtu.be/whf0266DYo4,,2022-05-29 00:25:12
3169,Xakaze,0,8,270,https://youtu.be/whf0266DYo4,,2022-05-29 00:25:28
3170,Xakaze,0,4,0,https://youtu.be/whf0266DYo4,,2022-05-29 00:25:45
3171,Xakaze,0,15,470,https://youtu.be/whf0266DYo4,,2022-05-29 00:26:03
3172,Xakaze,0,52,430,https://youtu.be/whf0266DYo4,,2022-05-29 00:26:20
3173,Xakaze,0,13,530,https://youtu.be/whf0266DYo4,,2022-05-29 00:26:38
3174,Xakaze,0,7,130,https://youtu.be/whf0266DYo4,,2022-05-29 00:26:53
3175,Xakaze,0,3,730,https://youtu.be/whf0266DYo4,,2022-05-29 00:27:08
3176,Xakaze,0,4,100,https://youtu.be/whf0266DYo4,,2022-05-29 00:27:22
3177,Xakaze,0,13,930,https://youtu.be/whf0266DYo4,,2022-05-29 00:27:34
3178,Xakaze,0,44,770,https://youtu.be/whf0266DYo4,,2022-05-29 00:27:50
3179,Xakaze,0,20,230,https://youtu.be/whf0266DYo4,,2022-05-29 00:28:06
3180,Xakaze,0,3,0,https://youtu.be/whf0266DYo4,,2022-05-29 00:28:24
3181,Xakaze,0,8,630,https://youtu.be/whf0266DYo4,,2022-05-29 00:28:42
3182,Xakaze,0,19,400,https://youtu.be/whf0266DYo4,,2022-05-29 00:28:59
3183,Xakaze,0,31,630,https://youtu.be/whf0266DYo4,,2022-05-29 00:29:16
3184,Xakaze,0,30,730,https://youtu.be/whf0266DYo4,,2022-05-29 00:29:29
3185,Xakaze,0,47,800,https://youtu.be/whf0266DYo4,,2022-05-29 00:29:45
3186,Xakaze,0,15,900,https://youtu.be/whf0266DYo4,,2022-05-29 00:30:02
3187,Xakaze,0,6,100,https://youtu.be/whf0266DYo4,,2022-05-29 00:30:16
3268,Xakaze,4,58,30,,,2022-05-29 00:31:30
3267,Xakaze,1,40,70,,,2022-05-29 01:22:56
3268,Xakaze,1,50,670,,,2022-05-29 14:29:37
3267,Xakaze,1,21,170,,,2022-05-29 15:09:26
3267,Xakaze,1,17,700,,,2022-05-29 15:11:16
3267,Xakaze,1,11,530,,,2022-05-29 23:25:20
3268,Xakaze,1,9,970,,,2022-05-30 19:57:35
3270,Xakaze,3,51,830,https://youtu.be/5Hek2whiKQo,,2022-05-30 20:20:31
3273,Xakaze,7,21,400,,,2022-06-01 11:46:45
3268,Xakaze,1,9,630,https://youtu.be/_ZStWT1YEio,,2022-06-01 19:39:52
3274,iamllama,2,12,430,,,2022-06-02 00:00:25
2306,Meta,0,15,770,,,2022-06-02 00:40:58
2369,iamllama,0,9,530,,,2022-06-02 17:52:01
3276,iamllama,2,37,890,,,2022-06-03 00:40:54
3276,Xakaze,0,54,700,,,2022-06-03 02:21:53
2369,Froshi,0,7,200,,,2022-06-03 05:54:24
2369,Xakaze,0,7,200,https://youtu.be/AXV4oXbU9MI,,2022-06-03 05:55:45
3,iamllama,2,52,170,,,2022-06-03 21:31:01
21,iamllama,6,22,900,,,2022-06-08 01:32:05
3279,Xakaze,0,19,530,,,2022-06-11 02:04:04
3272,Xakaze,2,23,100,,,2022-06-11 02:28:56
340,Xakaze,0,37,360,,,2022-06-12 00:22:36
2210,Xakaze,0,6,430,,,2022-06-13 00:57:33
58,Xakaze,2,21,130,,,2022-06-13 01:54:38
904,Xakaze,1,38,270,,,2022-06-13 02:15:48
2428,Xakaze,1,52,930,,,2022-06-13 02:27:15
58,Xakaze,2,9,330,,,2022-06-13 15:02:36
134,Xakaze,1,59,970,,,2022-06-13 15:05:43
134,Xakaze,1,47,570,,,2022-06-13 15:14:31
3152,Xakaze,1,57,930,,,2022-06-13 18:36:21
1346,Xakaze,0,36,670,https://youtu.be/LgYbey7Lpbk,,2022-06-14 00:34:17
3146,Xakaze,4,24,0,,,2022-06-15 00:09:19
3146,Xakaze,1,3,670,,,2022-06-15 00:10:52
2306,Xakaze,0,14,370,https://youtu.be/STlIDEW5y90,,2022-06-15 01:28:30
2308,Xakaze,0,18,530,https://youtu.be/STlIDEW5y90,,2022-06-15 01:29:05
2309,Xakaze,0,23,200,https://youtu.be/STlIDEW5y90,,2022-06-15 01:29:34
1346,iamllama,2,49,870,,,2022-06-18 23:58:18
393,Xakaze,0,6,900,,,2022-06-19 16:25:04
80,Xakaze,2,39,170,,,2022-06-19 16:33:31
2557,Xakaze,0,45,770,,,2022-06-19 20:53:15
738,Xakaze,0,17,400,,,2022-06-19 21:19:34
1874,Xakaze,4,46,600,,,2022-06-19 23:54:11
1874,Xakaze,3,19,70,,,2022-06-20 00:04:37
3228,Xakaze,0,57,30,,,2022-06-20 00:36:59
1905,Xakaze,0,39,730,,,2022-06-20 00:47:32
1907,Xakaze,0,47,930,,,2022-06-20 00:51:22
3147,Xakaze,4,55,870,,,2022-06-20 10:52:57
3141,Xakaze,4,57,870,,,2022-06-20 10:59:06
3151,Xakaze,5,44,830,,,2022-06-20 12:32:41
3150,Xakaze,30,23,730,,,2022-06-20 13:06:22
3286,Xakaze,0,53,370,https://youtu.be/BXi20VPV0pY,,2022-08-09 02:31:30
3285,Xakaze,0,39,930,https://youtu.be/DoljZaAUPJY,,2022-08-09 19:58:05
3287,Xakaze,0,9,100,https://youtu.be/GiSiR5tyfYc,,2022-08-10 04:02:37
3288,Xakaze,0,42,570,https://youtu.be/jQgj-_XhN1k,,2022-08-10 04:51:14
3192,Xakaze,1,21,370,,,2022-08-10 19:53:23
22,Xakaze,0,24,500,,,2022-08-10 20:03:08
267,clem,11,2,93,,,2022-08-11 18:28:23
3289,clem,0,35,930,,,2022-08-11 18:49:47
949,Xakaze,0,39,70,https://youtu.be/0rKGdFGW6Z0,,2022-08-12 00:09:21
3294,Xakaze,2,36,230,,,2022-08-12 17:30:35
3293,Xakaze,0,14,830,https://youtu.be/Iv23wszBlNI,,2022-08-12 18:21:34
2068,Xakaze,0,8,970,,,2022-08-15 22:18:40
942,Xakaze,0,34,430,,,2022-08-18 01:18:08
942,Xakaze,0,18,830,https://youtu.be/iudwgcgvj8s,,2022-08-18 01:52:36
946,Xakaze,0,20,330,https://youtu.be/nk1sM-0U7bg,,2022-08-18 03:50:51
948,Xakaze,0,51,730,,,2022-08-18 22:44:11
948,Xakaze,0,30,570,,,2022-08-18 22:53:46
948,Xakaze,0,26,500,,,2022-08-18 23:17:07
947,Xakaze,1,23,70,https://youtu.be/P3VMBbgfZ-g,,2022-08-18 23:58:41
948,Xakaze,0,23,230,https://youtu.be/s8ALY_JFsfg,,2022-08-19 07:37:27
933,Xakaze,1,59,870,https://youtu.be/aB828ukLT_I,,2022-08-20 00:47:36
1419,Molgmaran,0,32,0,https://www.youtube.com/watch?v=W5kbAziTwmA,,2022-08-20 12:06:20
2522,Molgmaran,0,14,600,https://www.youtube.com/watch?v=hfxCsXEMUqo,,2022-08-20 20:44:52
2068,Molgmaran,0,7,300,,,2022-08-21 01:03:27
3295,Molgmaran,0,39,400,,,2022-08-21 01:17:58
1622,Molgmaran,159,59,830,,,2022-08-21 11:45:43
1622,Xakaze,7,21,30,,,2022-08-21 15:53:59
1622,Xakaze,6,39,760,,,2022-08-21 16:18:35
1622,Xakaze,5,11,970,,,2022-08-21 16:27:45
1622,Xakaze,3,59,330,,,2022-08-21 16:41:29
2522,Xakaze,0,14,430,https://youtu.be/8vc1KVmWMZg,,2022-08-21 19:32:58
845,Xakaze,0,18,670,https://youtu.be/D4Ttf4f15NI,,2022-08-21 20:58:16
3297,Xakaze,0,23,370,,,2022-08-22 13:24:01
3052,Molgmaran,0,4,470,,,2022-08-22 21:05:18
3053,Molgmaran,0,4,330,,,2022-08-22 21:07:02
3054,Molgmaran,0,9,800,,,2022-08-23 01:17:04
3293,Zofiya,0,25,400,https://youtu.be/ut6lJwrF8cg,,2022-08-23 17:51:00
3293,Molgmaran,0,14,430,,,2022-08-23 19:10:00
3063,Molgmaran,0,12,70,,,2022-08-24 02:34:45
3305,Xakaze,9,35,0,,,2022-08-24 14:00:03
58,Molgmaran,5,52,500,,,2022-08-24 19:10:14
3305,Xakaze,4,53,630,,,2022-08-24 19:17:15
58,Xakaze,1,58,70,,,2022-08-24 20:35:07
3306,GoblinOfCash,19,28,0,,,2022-08-24 21:56:19
3300,GoblinOfCash,56,44,770,,,2022-08-24 22:54:46
3050,Xakaze,0,4,170,https://youtu.be/R4a16Q-xags,,2022-08-25 00:24:45
3051,Xakaze,0,3,930,https://youtu.be/R4a16Q-xags,,2022-08-25 00:25:13
3052,Xakaze,0,4,370,https://youtu.be/R4a16Q-xags,,2022-08-25 00:26:01
3053,Xakaze,0,3,930,https://youtu.be/R4a16Q-xags,,2022-08-25 00:26:43
3054,Xakaze,0,9,470,https://youtu.be/R4a16Q-xags,,2022-08-25 00:27:09
3055,Xakaze,0,18,600,https://youtu.be/R4a16Q-xags,,2022-08-25 00:27:34
3056,Xakaze,0,17,500,https://youtu.be/R4a16Q-xags,,2022-08-25 00:27:55
3057,Xakaze,0,29,430,https://youtu.be/R4a16Q-xags,,2022-08-25 00:28:16
3058,Xakaze,0,40,130,https://youtu.be/R4a16Q-xags,,2022-08-25 00:28:38
3308,EleventyTwo,8,52,130,,,2022-08-25 13:04:40
303,Molgmaran,49,56,30,,"pretty good run, might be able to save some time",2022-08-26 01:56:07
3308,EleventyTwo,5,8,600,,No comment,2022-08-26 02:49:36
3213,GoblinOfCash,2,55,730,,No comment,2022-08-26 03:49:14
3057,GoblinOfCash,30,58,770,,No comment,2022-08-26 04:45:06
3308,Xakaze,0,55,500,,"several deaths, sub 40 doable",2022-08-26 05:54:32
3311,Xakaze,0,38,100,,"sub 35 doable, played it safe",2022-08-26 06:15:49
3309,Xakaze,0,36,830,,"Missed the WC twice, found a cool strat for first part",2022-08-26 06:37:50
3296,Molgmaran,0,10,570,https://www.youtube.com/watch?v=1rPPOtFLWIo,yeee,2022-08-26 10:06:41
3296,Xakaze,0,10,230,https://youtu.be/XhHu-Jda6oA,Don't know if it's good or not tbh,2022-08-26 15:00:12
3059,Xakaze,22,32,370,https://youtu.be/NesoPNDx_Pw,GoC if you make a FC11 I nuke your city,2022-08-26 19:23:18
3058,GoblinOfCash,25,2,370,,my fingers hurt (failed for 2 hours earlier in day),2022-08-27 00:29:53
3207,GoblinOfCash,12,52,930,,No comment,2022-08-27 09:46:41
3047,GoblinOfCash,15,52,800,,No comment,2022-08-27 09:51:36
3315,Xakaze,0,27,370,,Fun level,2022-08-27 16:18:33
3213,Xakaze,0,14,500,,2/3 deaths,2022-08-27 17:04:10
3071,Xakaze,1,35,870,,Many errors,2022-08-27 17:40:34
3301,Zofiya,3,7,430,,played with goc and xak,2022-08-28 02:51:43
3319,GoblinOfCash,0,5,30,,No comment,2022-08-28 09:24:57
3316,Xakaze,0,21,170,,Pretty solid,2022-08-28 20:02:09
3305,Xakaze,3,23,200,,No comment,2022-08-28 22:02:49
3304,Xakaze,0,47,970,,No comment,2022-08-28 22:14:55
3300,Xakaze,3,24,230,,Absurd run,2022-08-28 23:06:25
3319,Xakaze,0,4,830,https://youtu.be/FP7Vu99NNXU,No comment,2022-08-28 23:15:53
3321,Xakaze,0,7,670,https://youtu.be/NS-bv5c9Uas,No comment,2022-08-29 05:10:34
3321,GoblinOfCash,30,15,530,,"died a few hundred more times than xak, but otherwise clean run",2022-08-29 06:48:45
3323,GoblinOfCash,0,12,130,,No comment,2022-08-29 09:18:57
3324,Xakaze,3,30,100,,Brutal,2022-08-29 16:11:55
3325,Xakaze,1,9,830,,Bad,2022-08-29 16:14:04
3323,Xakaze,0,11,470,https://youtu.be/4QojL6DuqQU,Deathless :o,2022-08-29 16:57:08
80,Xakaze,2,26,600,,No comment,2022-08-29 21:18:39
3322,Xakaze,0,8,170,https://youtu.be/VZOEP9bqhzg,No comment,2022-08-30 13:56:09
3331,GoblinOfCash,9,35,30,,No comment,2022-08-30 22:24:43
3335,GoblinOfCash,7,44,430,,No comment,2022-08-31 07:23:44
3330,Xakaze,0,19,870,https://youtu.be/mLCSWe0eBDQ,No comment,2022-08-31 15:55:24
3329,Xakaze,0,20,230,https://youtu.be/mLCSWe0eBDQ,No comment,2022-08-31 15:55:41
3306,iamllama,1,44,330,,No comment,2022-08-31 18:43:27
3204,Zofiya,2,18,630,,No comment,2022-09-01 01:25:19
3060,Zofiya,5,29,300,,No comment,2022-09-01 01:34:04
3306,Zofiya,0,39,630,,No comment,2022-09-01 01:48:49
3314,Zofiya,71,0,0,,No comment,2022-09-01 01:51:23
3295,Zofiya,2,11,300,,No comment,2022-09-01 02:05:09
444,Zofiya,6,3,100,,No comment,2022-09-01 02:14:22
3341,iamllama,4,21,370,,No comment,2022-09-01 18:50:17
3330,iamllama,0,22,0,,No comment,2022-09-01 19:14:54
3204,Molgmaran,0,25,900,,sub 13 if i didnt mess up 2nd section,2022-09-01 21:59:11
3035,GoblinOfCash,1,8,630,,stopped once. pathetic.,2022-09-01 22:36:29
3341,EleventyTwo,1,23,870,,No comment,2022-09-03 02:30:09
3344,iamllama,10,15,870,,No comment,2022-09-03 10:04:48
3430,Molgmaran,0,42,530,,No comment,2022-09-03 15:01:39
3433,Molgmaran,2,46,470,,No comment,2022-09-03 15:10:34
3436,Molgmaran,0,0,270,,No comment,2022-09-03 15:11:50
3050,Molgmaran,0,4,170,,No comment,2022-09-03 15:34:53
3051,Molgmaran,0,3,900,,No comment,2022-09-03 15:36:34
1420,Molgmaran,0,2,400,,No comment,2022-09-03 15:48:00
3060,Molgmaran,1,50,500,,No comment,2022-09-03 16:42:27
3344,Molgmaran,0,12,70,https://youtu.be/rJtPVwSIDKE,No comment,2022-09-03 20:50:16
3345,GoblinOfCash,3,28,200,,No comment,2022-09-03 22:19:14
267,Zofiya,11,45,340,,Played with Goblin,2022-09-04 01:12:46
3325,Zofiya,2,2,295,,No comment,2022-09-04 02:28:36
3325,Molgmaran,0,47,370,,No comment,2022-09-04 20:26:51
3104,iamllama,5,26,820,,No comment,2022-09-04 20:47:13
267,Molgmaran,8,54,500,,No comment,2022-09-05 16:41:00
3104,Molgmaran,1,4,500,,No comment,2022-09-05 18:12:54
3311,Zofiya,2,45,870,,No comment,2022-09-05 22:59:00
3497,Molgmaran,0,5,270,https://youtu.be/ErN7WmjzJGk,No comment,2022-09-07 15:49:17
3498,Zofiya,22,0,0,,No comment,2022-09-08 00:23:47
3497,Zofiya,2,45,0,,No comment,2022-09-08 00:24:10
123,Zofiya,60,0,100,,No comment,2022-09-08 00:24:33
123,Molgmaran,14,42,670,,8 minutes last section :(,2022-09-08 01:23:17
1,Molgmaran,0,34,730,,died on ending -_-,2022-09-08 15:04:14
2,Molgmaran,1,34,730,,No comment,2022-09-08 19:23:36
8,Molgmaran,3,35,630,,No comment,2022-09-08 19:47:56
2130,Molgmaran,0,15,830,,No comment,2022-09-08 19:54:28
2133,Molgmaran,0,17,470,,No comment,2022-09-08 19:59:49
3361,Molgmaran,1,25,600,,No comment,2022-09-08 20:08:00
2313,Molgmaran,0,17,130,https://youtu.be/E9qKd2LIgVQ,No comment,2022-09-09 03:23:31
1483,Molgmaran,0,27,570,,No comment,2022-09-09 03:30:18
2648,Molgmaran,0,4,530,,"fun level, unfortunate skip",2022-09-09 03:35:30
2573,Molgmaran,0,46,900,,No comment,2022-09-09 09:16:19
2518,Molgmaran,0,44,470,,No comment,2022-09-09 09:26:31
2054,Molgmaran,0,27,430,,No comment,2022-09-09 09:32:34
3498,Molgmaran,0,28,130,https://youtu.be/bo5vs9BHuTU,No comment,2022-09-09 10:50:03
3127,Molgmaran,10,47,70,,this is actually kinda hard lol,2022-09-09 21:09:14
964,Molgmaran,0,13,130,,No comment,2022-09-09 21:23:06
963,Molgmaran,9,31,870,,super fun level,2022-09-09 22:49:26
155,Molgmaran,17,40,0,,No comment,2022-09-10 04:13:41
627,Molgmaran,22,53,630,,No comment,2022-09-10 14:58:18
3042,Molgmaran,0,6,370,,No comment,2022-09-10 15:17:26
3038,Molgmaran,17,23,770,,No comment,2022-09-10 15:43:17
1625,Molgmaran,0,24,200,,No comment,2022-09-10 15:51:39
1627,Molgmaran,19,4,870,,No comment,2022-09-10 16:22:36
1626,Molgmaran,13,45,730,,No comment,2022-09-10 16:40:54
1414,Molgmaran,0,42,600,,No comment,2022-09-10 17:22:43
1421,Molgmaran,3,25,600,,No comment,2022-09-11 20:08:32
1431,Molgmaran,2,8,230,,No comment,2022-09-11 20:52:55
1425,Molgmaran,0,48,70,,No comment,2022-09-12 14:43:01
1424,Molgmaran,0,48,530,,No comment,2022-09-12 14:47:25
3126,Xakaze,2,2,500,,"this barely beats Molg, I can retire from EP now",2022-09-13 04:26:26
3126,Molgmaran,249,10,930,https://youtu.be/rC0Yabl1uPM,ok xak,2022-09-13 08:20:52
1414,Xakaze,0,42,500,,"lost at least 3 seconds, will be waiting for Molg to improve this",2022-09-14 01:36:03
1431,Xakaze,1,59,970,,No comment,2022-09-14 01:45:44
1421,Xakaze,3,14,70,,No comment,2022-09-14 01:50:30
1626,Xakaze,1,29,670,,No comment,2022-09-14 02:00:13
3038,Xakaze,2,7,700,,"chocked hard on last part, lost 30 seconds there",2022-09-14 02:03:15
3361,Xakaze,0,37,930,,No comment,2022-09-14 02:08:17
123,Xakaze,2,9,130,,No comment,2022-09-14 02:23:05
1483,Xakaze,0,26,800,,No comment,2022-09-14 02:56:45
442,Xakaze,0,9,700,,sub-9 possible,2022-09-14 03:16:57
542,Xakaze,0,39,470,,No comment,2022-09-14 03:22:23
443,Xakaze,1,9,530,,No comment,2022-09-14 03:35:22
3424,Xakaze,0,29,100,,No comment,2022-09-14 18:03:25
963,Xakaze,2,20,930,,No comment,2022-09-14 20:24:23
3212,GoblinOfCash,28,28,870,,No comment,2022-09-14 21:52:16
3504,Xakaze,0,28,800,,No comment,2022-09-15 00:03:47
1547,Xakaze,4,6,0,,No comment,2022-09-15 00:29:11
1543,Xakaze,3,14,200,,No comment,2022-09-15 00:37:47
1544,Xakaze,5,28,700,,No comment,2022-09-15 00:59:13
2083,Xakaze,0,20,430,,No comment,2022-09-15 01:19:16
1968,Xakaze,2,20,200,,No comment,2022-09-15 01:29:23
1988,Xakaze,0,27,170,,No comment,2022-09-15 01:31:17
1965,Xakaze,1,12,800,,No comment,2022-09-15 01:35:50
1951,Xakaze,0,8,800,,No comment,2022-09-15 01:40:39
3338,GoblinOfCash,0,30,470,,No comment,2022-09-15 02:51:59
3340,GoblinOfCash,0,35,900,,No comment,2022-09-15 02:56:45
3343,GoblinOfCash,0,46,170,,No comment,2022-09-15 03:14:51
3516,GoblinOfCash,35,35,370,,first playthru,2022-09-15 22:00:55
3516,Xakaze,3,23,630,,No comment,2022-09-16 02:29:11
3100,Xakaze,0,25,470,,No comment,2022-09-16 02:45:00
3517,GoblinOfCash,0,8,900,,not perfect,2022-09-16 09:07:22
3518,Xakaze,0,50,70,,:o,2022-09-16 21:14:02
3519,GoblinOfCash,13,20,630,,No comment,2022-09-16 21:27:24
3517,Xakaze,0,8,800,,No comment,2022-09-16 21:54:20
3520,GoblinOfCash,2,43,300,,No comment,2022-09-17 22:00:25
3430,Molgmaran,0,40,170,,best possible time 38.90,2022-09-17 22:06:30
3521,Molgmaran,1,20,530,https://youtu.be/9g18XqswbHs,No comment,2022-09-18 03:30:41
3522,GoblinOfCash,0,29,400,,No comment,2022-09-18 06:53:39
3519,Xakaze,3,38,900,,No comment,2022-09-18 16:51:29
3520,Xakaze,0,38,170,,"deathless, wasn't recording sadly :(",2022-09-18 18:20:09
3523,Xakaze,0,50,970,,1 death :o,2022-09-18 18:32:29
518,Xakaze,3,16,530,,No comment,2022-09-18 18:53:37
509,Xakaze,1,39,800,,No comment,2022-09-18 19:08:30
433,Xakaze,0,34,30,,No comment,2022-09-18 19:15:33
484,Xakaze,0,30,530,,No comment,2022-09-18 19:26:10
510,Xakaze,0,38,930,,No comment,2022-09-18 19:36:51
521,Xakaze,1,20,930,,No comment,2022-09-18 19:48:34
3524,GoblinOfCash,48,16,230,,No comment,2022-09-18 21:45:58
3524,Xakaze,1,57,270,,No comment,2022-09-18 23:18:03
3525,GoblinOfCash,2,24,430,,No comment,2022-09-19 07:46:00
3525,Xakaze,0,40,200,,No comment,2022-09-19 17:47:51
3528,Xakaze,0,25,670,,No comment,2022-09-19 18:00:05
3527,Xakaze,2,56,200,,No comment,2022-09-19 18:09:17
3526,Xakaze,1,11,800,,No comment,2022-09-19 18:11:16
453,Xakaze,0,28,800,,No comment,2022-09-19 18:13:20
3299,Xakaze,0,49,930,,No comment,2022-09-19 18:32:02
3310,Xakaze,0,32,0,,No comment,2022-09-19 18:33:08
3313,Xakaze,1,7,970,,No comment,2022-09-19 18:40:07
3529,GoblinOfCash,23,10,730,,No comment,2022-09-19 22:27:37
573,Xakaze,0,53,400,https://youtu.be/bakq-_ozHt0,pog,2022-09-19 22:28:42
3520,Xakaze,0,37,830,https://youtu.be/DJToxNAzOoo,Oops I did it again,2022-09-19 23:53:51
3498,Xakaze,0,24,870,https://youtu.be/GLrbPQNoVqc,No comment,2022-09-20 02:19:35
3530,GoblinOfCash,0,48,70,,amazing time,2022-09-20 07:17:03
494,Xakaze,0,39,270,https://youtu.be/JGrrNhB-CUo,clean af,2022-09-20 14:47:32
358,Xakaze,0,5,800,https://youtu.be/rRcjzIh2hjE,No comment,2022-09-20 21:58:12
359,Xakaze,0,13,0,https://youtu.be/rRcjzIh2hjE,No comment,2022-09-20 21:58:37
361,Xakaze,0,9,30,https://youtu.be/rRcjzIh2hjE,No comment,2022-09-20 21:58:53
363,Xakaze,0,24,800,https://youtu.be/rRcjzIh2hjE,No comment,2022-09-20 21:59:09
364,Xakaze,0,9,870,https://youtu.be/rRcjzIh2hjE,No comment,2022-09-20 21:59:24
366,Xakaze,0,7,300,https://youtu.be/rRcjzIh2hjE,No comment,2022-09-20 21:59:42
3531,GoblinOfCash,34,21,970,,No comment,2022-09-20 23:48:14
358,GoblinOfCash,11,54,670,,flow release limited me greatly,2022-09-21 01:01:52
2231,Xakaze,0,47,330,,No comment,2022-09-21 10:55:17
292,GoblinOfCash,0,13,500,,Died once after tele :(,2022-09-21 20:27:20
292,Xakaze,0,9,630,,No comment,2022-09-21 23:19:35
3035,Xakaze,0,24,70,https://youtu.be/E-lQDHrnl-U,No comment,2022-09-22 03:06:33
1763,Xakaze,0,54,530,,No comment,2022-09-22 04:34:00
1479,Xakaze,0,33,370,,No comment,2022-09-22 19:42:53
1478,Xakaze,1,47,500,,No comment,2022-09-22 19:49:17
3534,GoblinOfCash,40,53,770,,"first playthru, choke job on final part (20min)",2022-09-22 19:58:43
3535,GoblinOfCash,19,5,530,,No comment,2022-09-23 04:18:39
3536,GoblinOfCash,0,3,130,,No comment,2022-09-23 09:38:21
3537,Xakaze,0,33,100,https://youtu.be/0wUy6--gs7w,A dream came true,2022-09-23 12:18:41
765,Xakaze,0,18,400,https://youtu.be/e5kF--qWKDQ,No comment,2022-09-23 17:41:52
2367,Xakaze,0,18,370,https://youtu.be/OgcddG7MEMQ,rip Milk,2022-09-23 19:33:41
3511,clem,3,3,0,,No comment,2022-09-23 20:19:03
3512,clem,2,21,630,,No comment,2022-09-23 20:21:56
3513,clem,2,41,330,,No comment,2022-09-23 20:25:06
3514,clem,2,56,230,,No comment,2022-09-23 20:36:10
3435,clem,4,18,300,,No comment,2022-09-23 21:06:26
3538,GoblinOfCash,0,36,0,,No comment,2022-09-23 22:44:43
2925,Xakaze,0,19,630,https://youtu.be/RIovNZmG3ws,No comment,2022-09-24 00:20:33
2329,Xakaze,0,28,470,https://youtu.be/yl5WPJQ2z4s,gg,2022-09-24 00:21:32
3538,Xakaze,0,5,100,https://youtu.be/s-DVXdGkwEA,gotta go fast,2022-09-24 00:44:06
1416,Xakaze,0,55,100,,No comment,2022-09-24 00:53:00
2371,Xakaze,0,13,500,https://youtu.be/Mi3bhHRnDDc,pretty good,2022-09-24 01:39:30
3536,Xakaze,0,3,30,https://youtu.be/XMnBm7RzRQ8,No comment,2022-09-24 16:34:19
3514,Xakaze,0,12,100,https://youtu.be/6o1_eymWYqk,No comment,2022-09-24 21:09:37
1791,Xakaze,0,24,170,https://youtu.be/mIo5JZT2W14,No comment,2022-09-24 21:20:41
116,Xakaze,0,54,600,,No comment,2022-09-24 22:18:08
3515,Xakaze,0,23,830,https://youtu.be/OpNKk5a0Bx0,No comment,2022-09-25 00:58:48
3497,Xakaze,0,4,970,https://youtu.be/ClVRqWgq3P4,No comment,2022-09-25 03:20:56
3539,GoblinOfCash,30,32,430,,another collection of pathetic fails by goc,2022-09-25 09:02:54
3202,Xakaze,0,15,800,,No comment,2022-09-25 21:28:08
588,Xakaze,0,5,70,,No comment,2022-09-25 21:31:03
315,Xakaze,1,7,130,,No comment,2022-09-25 21:33:05
372,Xakaze,2,57,770,,No comment,2022-09-25 21:42:15
414,Xakaze,0,38,730,,No comment,2022-09-25 21:44:50
3540,GoblinOfCash,24,34,930,,"game crash + QoL edit for part 3, just continued from there. (17.50.43+6.44.50=24.34.93)",2022-09-25 22:59:48
607,Xakaze,2,30,880,,No comment,2022-09-26 01:23:33
71,Xakaze,0,11,330,https://youtu.be/8oI0C5tbiIM,No comment,2022-09-26 02:10:31
328,Xakaze,1,27,730,,No comment,2022-09-26 18:17:08
436,Xakaze,1,37,700,,No comment,2022-09-26 18:22:38
3541,GoblinOfCash,0,5,430,,gg,2022-09-26 22:42:38
3542,GoblinOfCash,0,6,270,,gg,2022-09-27 04:42:27
3543,GoblinOfCash,1,45,30,,more like goat of cash,2022-09-27 22:49:20
2534,Xakaze,0,18,20,https://youtu.be/JTKBRZMxGko,No comment,2022-09-27 23:59:23
2537,Xakaze,0,19,900,https://youtu.be/sYowKwzmqgs,Almost good,2022-09-28 18:53:04
844,Xakaze,1,4,870,https://youtu.be/_6Jpx7200o8,Lost 1 second and that's pretty much it,2022-09-29 00:42:36
3206,Xakaze,0,23,630,https://youtu.be/C82gdjyG2ms,No comment,2022-09-29 01:11:08
3544,GoblinOfCash,9,29,900,,first playthru,2022-09-29 08:58:57
1954,Xakaze,0,40,930,https://youtu.be/jfwQ9F7ZEK0,No comment,2022-09-29 12:40:11
2420,Xakaze,0,9,800,https://youtu.be/pG3DZMESJDM,No comment,2022-09-29 18:14:41
2317,Xakaze,1,12,70,,No comment,2022-09-29 19:19:59
2326,Xakaze,0,47,370,,No comment,2022-09-29 20:34:26
2405,Xakaze,0,15,730,,No comment,2022-09-29 20:42:45
2427,Xakaze,0,25,870,https://youtu.be/57BiIl6xj9E,No comment,2022-09-29 21:22:22
2386,Xakaze,0,14,400,https://youtu.be/UsdBYn2mZdA,No comment,2022-09-29 21:22:58
207,Xakaze,0,52,500,,No comment,2022-09-29 21:50:30
321,Xakaze,2,15,400,https://youtu.be/_xg31U1lIis,No comment,2022-09-29 23:22:04
2424,Xakaze,0,47,170,,No comment,2022-09-30 07:35:43
2182,Xakaze,0,5,600,https://youtu.be/hY5D2h0k6DE,No comment,2022-09-30 14:28:42
2183,Xakaze,0,8,930,https://youtu.be/hY5D2h0k6DE,No comment,2022-09-30 14:29:02
2202,Xakaze,0,6,370,https://youtu.be/hY5D2h0k6DE,No comment,2022-09-30 14:29:26
2203,Xakaze,0,7,200,https://youtu.be/hY5D2h0k6DE,No comment,2022-09-30 14:29:43
2204,Xakaze,0,7,70,https://youtu.be/hY5D2h0k6DE,No comment,2022-09-30 14:30:01
2206,Xakaze,0,9,830,https://youtu.be/hY5D2h0k6DE,No comment,2022-09-30 14:30:23
2207,Xakaze,0,5,600,https://youtu.be/hY5D2h0k6DE,No comment,2022-09-30 14:30:37
2185,Xakaze,0,8,570,https://youtu.be/hY5D2h0k6DE,No comment,2022-09-30 14:30:55
2186,Xakaze,0,6,730,https://youtu.be/hY5D2h0k6DE,No comment,2022-09-30 14:31:18
2187,Xakaze,0,5,600,https://youtu.be/hY5D2h0k6DE,No comment,2022-09-30 14:31:34
2189,Xakaze,0,5,430,https://youtu.be/hY5D2h0k6DE,No comment,2022-09-30 14:31:56
2190,Xakaze,0,6,330,https://youtu.be/hY5D2h0k6DE,No comment,2022-09-30 14:32:13
2191,Xakaze,0,4,870,https://youtu.be/hY5D2h0k6DE,No comment,2022-09-30 14:32:34
2193,Xakaze,0,6,630,https://youtu.be/hY5D2h0k6DE,No comment,2022-09-30 14:32:57
2194,Xakaze,0,6,200,https://youtu.be/hY5D2h0k6DE,No comment,2022-09-30 14:33:15
2196,Xakaze,0,5,270,https://youtu.be/hY5D2h0k6DE,No comment,2022-09-30 14:33:35
2197,Xakaze,0,7,470,https://youtu.be/hY5D2h0k6DE,No comment,2022-09-30 14:33:52
2198,Xakaze,0,5,800,https://youtu.be/hY5D2h0k6DE,No comment,2022-09-30 14:34:06
2199,Xakaze,0,5,600,https://youtu.be/hY5D2h0k6DE,No comment,2022-09-30 14:34:21
2201,Xakaze,0,7,0,https://youtu.be/hY5D2h0k6DE,No comment,2022-09-30 14:34:41
3005,Xakaze,1,22,630,,No comment,2022-09-30 19:00:03
3545,GoblinOfCash,0,6,230,,gg,2022-09-30 22:58:47
3546,GoblinOfCash,0,22,430,,No comment,2022-10-01 09:50:26
1747,Xakaze,0,15,430,https://youtu.be/1efbXyNEVGg,No comment,2022-10-01 20:17:29
1748,Xakaze,0,23,900,https://youtu.be/1efbXyNEVGg,No comment,2022-10-01 20:17:48
1749,Xakaze,0,6,530,https://youtu.be/1efbXyNEVGg,No comment,2022-10-01 20:18:05
2368,Xakaze,0,48,870,,terrible,2022-10-01 21:01:08
2370,Xakaze,0,23,670,,No comment,2022-10-01 21:35:40
910,Xakaze,0,57,870,https://youtu.be/5O0tZviYS9Y,Flawless,2022-10-02 01:20:44
125,Xakaze,0,58,830,,Pretty good (2 quick deaths),2022-10-02 03:44:54
3005,Xakaze,1,6,970,,No comment,2022-10-02 16:16:10
3001,Xakaze,1,8,900,,No comment,2022-10-02 21:43:34
3034,Xakaze,0,54,700,,No comment,2022-10-02 21:57:44
3034,Xakaze,0,51,370,,No comment,2022-10-02 22:01:00
3547,GoblinOfCash,15,49,370,,first playthru,2022-10-04 00:12:35
3547,Xakaze,0,29,670,,No comment,2022-10-04 19:10:41
3549,GoblinOfCash,22,18,970,,No comment,2022-10-05 06:44:22
3550,GoblinOfCash,0,6,500,,died twice,2022-10-05 21:28:27
1615,Xakaze,0,51,400,,No comment,2022-10-06 18:32:18
1614,Xakaze,1,22,100,,No comment,2022-10-06 18:48:03
1879,Xakaze,0,23,770,,No comment,2022-10-06 21:41:23
3551,Frank,0,13,7,,No comment,2022-10-07 03:37:13
3552,GoblinOfCash,2,9,400,,No comment,2022-10-07 23:04:09
365,GoblinOfCash,1,36,270,,No comment,2022-10-07 23:37:22
3553,GoblinOfCash,8,3,970,,first playthru,2022-10-08 02:03:45
3554,GoblinOfCash,2,23,70,,No comment,2022-10-08 04:06:12
3555,GoblinOfCash,0,4,730,,gg,2022-10-08 07:19:59
3556,GoblinOfCash,0,24,770,,No comment,2022-10-08 08:20:18
3553,Xakaze,0,51,30,,No comment,2022-10-08 15:55:23
3554,Xakaze,0,56,870,,No comment,2022-10-08 16:30:29
3557,GoblinOfCash,15,27,300,,first playthru,2022-10-08 19:38:14
3557,Xakaze,1,16,100,,No comment,2022-10-09 07:29:37
3558,GoblinOfCash,0,15,230,,No comment,2022-10-10 07:36:07
1651,Molgmaran,0,15,230,,No comment,2022-10-10 08:50:45
1677,Molgmaran,0,18,670,https://youtu.be/DEReDh5iAZM,No comment,2022-10-10 10:00:05
3559,GoblinOfCash,35,18,670,,No comment,2022-10-10 22:45:50
